{
  "categories": [
    {
      "id": 0,
      "name": "amount"
    },
    {
      "id": 1,
      "name": "email"
    },
    {
      "id": 2,
      "name": "from_address"
    },
    {
      "id": 3,
      "name": "invoice_date"
    },
    {
      "id": 4,
      "name": "invoice_number"
    },
    {
      "id": 5,
      "name": "phone_number"
    },
    {
      "id": 6,
      "name": "prices"
    },
    {
      "id": 7,
      "name": "quantity"
    },
    {
      "id": 8,
      "name": "services"
    },
    {
      "id": 9,
      "name": "sub_total"
    },
    {
      "id": 10,
      "name": "taxes"
    },
    {
      "id": 11,
      "name": "to_address"
    },
    {
      "id": 12,
      "name": "total_amount"
    }
  ],
  "info": {
    "year": 2024,
    "version": "1.0",
    "contributor": "Label Studio"
  }
}